kaynak_url,canli_yonlendirme,canli_son_url,canli_status,canli_canonical,meta_robots,x_robots_tag,robots_izin,sitemap_canli,canli_dahili_kaynak_sayisi,canli_dahili_kaynaklar,tercih_edilen_hedef,yerel_status,yerel_canonical,yerel_dahili_kaynak_sayisi,yerel_dahili_kaynaklar,karar
https://www.londradepo.com/amazon-fulfillment,307 → 200,https://londradepo.com/amazon-fulfillment,200,https://www.londradepo.com/amazon-fulfillment,"index, follow",,True,True,46,/amazon-ingiltere-depo; /amazon-prep-uk; /blog; /blog/amazon-fba-vs-uk-fulfillment; /blog/amazon-prep-uk-rehberi; /blog/ingiltere-ara-depo-nedir; /blog/ingiltere-depo-fiyatlari-2026; /blog/ingiltere-depo-rehberi; /blog/ingiltere-fulfillment-nedir; /blog/ingiltere-palet-depolama-maliyetleri; /blog/turkiyeden-ingiltereye-ihracat-rehberi; /case-studies; /case-studies/arac-koltuk-kaplama-ingiltere-depo; /case-studies/cruyff-uk-fulfillment; /case-studies/pizza-box-distribution-uk; /case-studies/tasinabilir-sarj-istasyonu-ingiltere-operasyonu; /case-studies/uk-walking-treadmill-distribution; /cookie-policy; /depolama; /e-ticaret-fulfillment; /essex-depo; /hakkimizda; /iletisim; /ingiltere-depo; /ingiltere-depo-avantajlari; /ingiltere-depo-fiyatlari; /ingiltere-e-ticaret-lojistigi; /ingiltere-fulfillment; /londra-depo; /nakliye-dagitim; /palet-depolama; /privacy-policy; /shopify-ingiltere-depo; /siparis-toplama-paketleme; /sozlesme-kosullari; /turk-sirketleri-icin-ingiltere-depo; /turkiye-ingiltere-lojistik; /turkiyeden-ingiltereye-depolama; /turkiyeden-ingiltereye-satis; /uk-warehousing-fulfilment; ; /gumrukleme; /ellecleme; /shopify-fulfillment; /case-studies/tortilla-uk-distribution; /case-studies/uk-auto-parts-warehouse,https://www.londradepo.com/amazon-fulfillment,200,https://www.londradepo.com/amazon-fulfillment,46,; /ingiltere-depo-avantajlari; /hakkimizda; /iletisim; /ingiltere-depo; /londra-depo; /ingiltere-e-ticaret-lojistigi; /siparis-toplama-paketleme; /ingiltere-depo-fiyatlari; /turk-sirketleri-icin-ingiltere-depo; /turkiye-ingiltere-lojistik; /turkiyeden-ingiltereye-satis; /shopify-ingiltere-depo; /amazon-ingiltere-depo; /ingiltere-fulfillment; /palet-depolama; /amazon-prep-uk; /depolama; /gumrukleme; /ellecleme; /nakliye-dagitim; /e-ticaret-fulfillment; /shopify-fulfillment; /turkiyeden-ingiltereye-depolama; /uk-warehousing-fulfilment; /essex-depo; /case-studies; /case-studies/cruyff-uk-fulfillment; /case-studies/pizza-box-distribution-uk; /case-studies/tortilla-uk-distribution; /case-studies/uk-auto-parts-warehouse; /case-studies/uk-walking-treadmill-distribution; /case-studies/arac-koltuk-kaplama-ingiltere-depo; /case-studies/tasinabilir-sarj-istasyonu-ingiltere-operasyonu; /blog; /blog/ingiltere-depo-rehberi; /blog/ingiltere-fulfillment-nedir; /blog/amazon-prep-uk-rehberi; /blog/ingiltere-ara-depo-nedir; /blog/ingiltere-depo-fiyatlari-2026; /blog/ingiltere-palet-depolama-maliyetleri; /blog/amazon-fba-vs-uk-fulfillment; /blog/turkiyeden-ingiltereye-ihracat-rehberi; /privacy-policy; /cookie-policy; /sozlesme-kosullari,Hizmet/platform odağı korunur; sorgu ve dönüşüm verisi olmadan URL birleştirilmez.
https://www.londradepo.com/amazon-ingiltere-depo,307 → 200,https://londradepo.com/amazon-ingiltere-depo,200,https://www.londradepo.com/amazon-ingiltere-depo,"index, follow",,True,True,2,/ingiltere-e-ticaret-lojistigi; /turkiyeden-ingiltereye-satis,https://www.londradepo.com/amazon-ingiltere-depo,200,https://www.londradepo.com/amazon-ingiltere-depo,2,/ingiltere-e-ticaret-lojistigi; /turkiyeden-ingiltereye-satis,"Mevcut içerik ve URL korunur; self canonical www, sitemap ve ilgili bağlantılar doğrulandı."
https://www.londradepo.com/amazon-prep-uk,307 → 200,https://londradepo.com/amazon-prep-uk,200,https://www.londradepo.com/amazon-prep-uk,"index, follow",,True,True,46,/amazon-fulfillment; /amazon-ingiltere-depo; /blog; /blog/amazon-fba-vs-uk-fulfillment; /blog/amazon-prep-uk-rehberi; /blog/ingiltere-ara-depo-nedir; /blog/ingiltere-depo-fiyatlari-2026; /blog/ingiltere-depo-rehberi; /blog/ingiltere-fulfillment-nedir; /blog/ingiltere-palet-depolama-maliyetleri; /blog/turkiyeden-ingiltereye-ihracat-rehberi; /case-studies; /case-studies/arac-koltuk-kaplama-ingiltere-depo; /case-studies/cruyff-uk-fulfillment; /case-studies/pizza-box-distribution-uk; /case-studies/tasinabilir-sarj-istasyonu-ingiltere-operasyonu; /case-studies/uk-walking-treadmill-distribution; /cookie-policy; /depolama; /e-ticaret-fulfillment; /essex-depo; /hakkimizda; /iletisim; /ingiltere-depo; /ingiltere-depo-avantajlari; /ingiltere-depo-fiyatlari; /ingiltere-e-ticaret-lojistigi; /ingiltere-fulfillment; /londra-depo; /nakliye-dagitim; /palet-depolama; /privacy-policy; /shopify-ingiltere-depo; /siparis-toplama-paketleme; /sozlesme-kosullari; /turk-sirketleri-icin-ingiltere-depo; /turkiye-ingiltere-lojistik; /turkiyeden-ingiltereye-depolama; /turkiyeden-ingiltereye-satis; /uk-warehousing-fulfilment; ; /gumrukleme; /ellecleme; /shopify-fulfillment; /case-studies/tortilla-uk-distribution; /case-studies/uk-auto-parts-warehouse,https://www.londradepo.com/amazon-prep-uk,200,https://www.londradepo.com/amazon-prep-uk,46,; /ingiltere-depo-avantajlari; /hakkimizda; /iletisim; /ingiltere-depo; /londra-depo; /ingiltere-e-ticaret-lojistigi; /siparis-toplama-paketleme; /ingiltere-depo-fiyatlari; /turk-sirketleri-icin-ingiltere-depo; /turkiye-ingiltere-lojistik; /turkiyeden-ingiltereye-satis; /shopify-ingiltere-depo; /amazon-ingiltere-depo; /ingiltere-fulfillment; /palet-depolama; /depolama; /gumrukleme; /ellecleme; /nakliye-dagitim; /e-ticaret-fulfillment; /shopify-fulfillment; /amazon-fulfillment; /turkiyeden-ingiltereye-depolama; /uk-warehousing-fulfilment; /essex-depo; /case-studies; /case-studies/cruyff-uk-fulfillment; /case-studies/pizza-box-distribution-uk; /case-studies/tortilla-uk-distribution; /case-studies/uk-auto-parts-warehouse; /case-studies/uk-walking-treadmill-distribution; /case-studies/arac-koltuk-kaplama-ingiltere-depo; /case-studies/tasinabilir-sarj-istasyonu-ingiltere-operasyonu; /blog; /blog/ingiltere-depo-rehberi; /blog/ingiltere-fulfillment-nedir; /blog/amazon-prep-uk-rehberi; /blog/ingiltere-ara-depo-nedir; /blog/ingiltere-depo-fiyatlari-2026; /blog/ingiltere-palet-depolama-maliyetleri; /blog/amazon-fba-vs-uk-fulfillment; /blog/turkiyeden-ingiltereye-ihracat-rehberi; /privacy-policy; /cookie-policy; /sozlesme-kosullari,"Mevcut içerik ve URL korunur; self canonical www, sitemap ve ilgili bağlantılar doğrulandı."
https://www.londradepo.com/blog,307 → 200,https://londradepo.com/blog,200,https://www.londradepo.com/blog,"index, follow",,True,True,46,/amazon-fulfillment; /amazon-ingiltere-depo; /amazon-prep-uk; /blog/amazon-fba-vs-uk-fulfillment; /blog/amazon-prep-uk-rehberi; /blog/ingiltere-ara-depo-nedir; /blog/ingiltere-depo-fiyatlari-2026; /blog/ingiltere-depo-rehberi; /blog/ingiltere-fulfillment-nedir; /blog/ingiltere-palet-depolama-maliyetleri; /blog/turkiyeden-ingiltereye-ihracat-rehberi; /case-studies; /case-studies/arac-koltuk-kaplama-ingiltere-depo; /case-studies/cruyff-uk-fulfillment; /case-studies/pizza-box-distribution-uk; /case-studies/tasinabilir-sarj-istasyonu-ingiltere-operasyonu; /case-studies/uk-walking-treadmill-distribution; /cookie-policy; /depolama; /e-ticaret-fulfillment; /essex-depo; /hakkimizda; /iletisim; /ingiltere-depo; /ingiltere-depo-avantajlari; /ingiltere-depo-fiyatlari; /ingiltere-e-ticaret-lojistigi; /ingiltere-fulfillment; /londra-depo; /nakliye-dagitim; /palet-depolama; /privacy-policy; /shopify-ingiltere-depo; /siparis-toplama-paketleme; /sozlesme-kosullari; /turk-sirketleri-icin-ingiltere-depo; /turkiye-ingiltere-lojistik; /turkiyeden-ingiltereye-depolama; /turkiyeden-ingiltereye-satis; /uk-warehousing-fulfilment; ; /gumrukleme; /ellecleme; /shopify-fulfillment; /case-studies/tortilla-uk-distribution; /case-studies/uk-auto-parts-warehouse,https://www.londradepo.com/blog,200,https://www.londradepo.com/blog,46,; /ingiltere-depo-avantajlari; /hakkimizda; /iletisim; /ingiltere-depo; /londra-depo; /ingiltere-e-ticaret-lojistigi; /siparis-toplama-paketleme; /ingiltere-depo-fiyatlari; /turk-sirketleri-icin-ingiltere-depo; /turkiye-ingiltere-lojistik; /turkiyeden-ingiltereye-satis; /shopify-ingiltere-depo; /amazon-ingiltere-depo; /ingiltere-fulfillment; /palet-depolama; /amazon-prep-uk; /depolama; /gumrukleme; /ellecleme; /nakliye-dagitim; /e-ticaret-fulfillment; /shopify-fulfillment; /amazon-fulfillment; /turkiyeden-ingiltereye-depolama; /uk-warehousing-fulfilment; /essex-depo; /case-studies; /case-studies/cruyff-uk-fulfillment; /case-studies/pizza-box-distribution-uk; /case-studies/tortilla-uk-distribution; /case-studies/uk-auto-parts-warehouse; /case-studies/uk-walking-treadmill-distribution; /case-studies/arac-koltuk-kaplama-ingiltere-depo; /case-studies/tasinabilir-sarj-istasyonu-ingiltere-operasyonu; /blog/ingiltere-depo-rehberi; /blog/ingiltere-fulfillment-nedir; /blog/amazon-prep-uk-rehberi; /blog/ingiltere-ara-depo-nedir; /blog/ingiltere-depo-fiyatlari-2026; /blog/ingiltere-palet-depolama-maliyetleri; /blog/amazon-fba-vs-uk-fulfillment; /blog/turkiyeden-ingiltereye-ihracat-rehberi; /privacy-policy; /cookie-policy; /sozlesme-kosullari,"Mevcut içerik ve URL korunur; self canonical www, sitemap ve ilgili bağlantılar doğrulandı."
https://www.londradepo.com/blog/amazon-fba-vs-uk-fulfillment,307 → 200,https://londradepo.com/blog/amazon-fba-vs-uk-fulfillment,200,https://www.londradepo.com/blog/amazon-fba-vs-uk-fulfillment,"index, follow",,True,True,6,/blog; /blog/amazon-prep-uk-rehberi; /blog/ingiltere-depo-fiyatlari-2026; /blog/ingiltere-fulfillment-nedir; /case-studies/cruyff-uk-fulfillment; ,https://www.londradepo.com/blog/amazon-fba-vs-uk-fulfillment,200,https://www.londradepo.com/blog/amazon-fba-vs-uk-fulfillment,6,; /case-studies/cruyff-uk-fulfillment; /blog; /blog/ingiltere-fulfillment-nedir; /blog/amazon-prep-uk-rehberi; /blog/ingiltere-depo-fiyatlari-2026,Bilgilendirici rehber korunur; blog hub ve ilgili yazılardan erişim doğrulandı.
https://www.londradepo.com/blog/amazon-prep-uk-rehberi,307 → 200,https://londradepo.com/blog/amazon-prep-uk-rehberi,200,https://www.londradepo.com/blog/amazon-prep-uk-rehberi,"index, follow",,True,True,4,/blog; /blog/amazon-fba-vs-uk-fulfillment; /blog/ingiltere-depo-rehberi; /blog/ingiltere-fulfillment-nedir,https://www.londradepo.com/blog/amazon-prep-uk-rehberi,200,https://www.londradepo.com/blog/amazon-prep-uk-rehberi,4,/blog; /blog/ingiltere-depo-rehberi; /blog/ingiltere-fulfillment-nedir; /blog/amazon-fba-vs-uk-fulfillment,Bilgilendirici rehber korunur; blog hub ve ilgili yazılardan erişim doğrulandı.
https://www.londradepo.com/blog/ingiltere-ara-depo-nedir,307 → 200,https://londradepo.com/blog/ingiltere-ara-depo-nedir,200,https://www.londradepo.com/blog/ingiltere-ara-depo-nedir,"index, follow",,True,True,4,/blog; /blog/ingiltere-depo-rehberi; /blog/ingiltere-palet-depolama-maliyetleri; /blog/turkiyeden-ingiltereye-ihracat-rehberi,https://www.londradepo.com/blog/ingiltere-ara-depo-nedir,200,https://www.londradepo.com/blog/ingiltere-ara-depo-nedir,4,/blog; /blog/ingiltere-depo-rehberi; /blog/ingiltere-palet-depolama-maliyetleri; /blog/turkiyeden-ingiltereye-ihracat-rehberi,Bilgilendirici rehber korunur; blog hub ve ilgili yazılardan erişim doğrulandı.
https://www.londradepo.com/blog/ingiltere-depo-fiyatlari-2026,307 → 200,https://londradepo.com/blog/ingiltere-depo-fiyatlari-2026,200,https://www.londradepo.com/blog/ingiltere-depo-fiyatlari-2026,"index, follow",,True,True,9,/blog; /blog/amazon-fba-vs-uk-fulfillment; /blog/amazon-prep-uk-rehberi; /blog/ingiltere-ara-depo-nedir; /blog/ingiltere-depo-rehberi; /blog/ingiltere-fulfillment-nedir; /blog/ingiltere-palet-depolama-maliyetleri; /blog/turkiyeden-ingiltereye-ihracat-rehberi; ,https://www.londradepo.com/blog/ingiltere-depo-fiyatlari-2026,200,https://www.londradepo.com/blog/ingiltere-depo-fiyatlari-2026,9,; /blog; /blog/ingiltere-depo-rehberi; /blog/ingiltere-fulfillment-nedir; /blog/amazon-prep-uk-rehberi; /blog/ingiltere-ara-depo-nedir; /blog/ingiltere-palet-depolama-maliyetleri; /blog/amazon-fba-vs-uk-fulfillment; /blog/turkiyeden-ingiltereye-ihracat-rehberi,Bilgilendirici rehber korunur; blog hub ve ilgili yazılardan erişim doğrulandı.
https://www.londradepo.com/blog/ingiltere-depo-rehberi,307 → 200,https://londradepo.com/blog/ingiltere-depo-rehberi,200,https://www.londradepo.com/blog/ingiltere-depo-rehberi,"index, follow",,True,True,9,/blog; /blog/amazon-fba-vs-uk-fulfillment; /blog/amazon-prep-uk-rehberi; /blog/ingiltere-ara-depo-nedir; /blog/ingiltere-depo-fiyatlari-2026; /blog/ingiltere-fulfillment-nedir; /blog/ingiltere-palet-depolama-maliyetleri; /blog/turkiyeden-ingiltereye-ihracat-rehberi; /case-studies/tortilla-uk-distribution,https://www.londradepo.com/blog/ingiltere-depo-rehberi,200,https://www.londradepo.com/blog/ingiltere-depo-rehberi,9,/case-studies/tortilla-uk-distribution; /blog; /blog/ingiltere-fulfillment-nedir; /blog/amazon-prep-uk-rehberi; /blog/ingiltere-ara-depo-nedir; /blog/ingiltere-depo-fiyatlari-2026; /blog/ingiltere-palet-depolama-maliyetleri; /blog/amazon-fba-vs-uk-fulfillment; /blog/turkiyeden-ingiltereye-ihracat-rehberi,Bilgilendirici rehber korunur; blog hub ve ilgili yazılardan erişim doğrulandı.
https://www.londradepo.com/blog/ingiltere-fulfillment-nedir,307 → 200,https://londradepo.com/blog/ingiltere-fulfillment-nedir,200,https://www.londradepo.com/blog/ingiltere-fulfillment-nedir,"index, follow",,True,True,9,/blog; /blog/amazon-fba-vs-uk-fulfillment; /blog/amazon-prep-uk-rehberi; /blog/ingiltere-depo-fiyatlari-2026; /blog/ingiltere-depo-rehberi; /blog/ingiltere-palet-depolama-maliyetleri; /blog/turkiyeden-ingiltereye-ihracat-rehberi; /case-studies/cruyff-uk-fulfillment; /case-studies/uk-walking-treadmill-distribution,https://www.londradepo.com/blog/ingiltere-fulfillment-nedir,200,https://www.londradepo.com/blog/ingiltere-fulfillment-nedir,9,/case-studies/cruyff-uk-fulfillment; /case-studies/uk-walking-treadmill-distribution; /blog; /blog/ingiltere-depo-rehberi; /blog/amazon-prep-uk-rehberi; /blog/ingiltere-depo-fiyatlari-2026; /blog/ingiltere-palet-depolama-maliyetleri; /blog/amazon-fba-vs-uk-fulfillment; /blog/turkiyeden-ingiltereye-ihracat-rehberi,Bilgilendirici rehber korunur; blog hub ve ilgili yazılardan erişim doğrulandı.
https://www.londradepo.com/blog/ingiltere-palet-depolama-maliyetleri,307 → 200,https://londradepo.com/blog/ingiltere-palet-depolama-maliyetleri,200,https://www.londradepo.com/blog/ingiltere-palet-depolama-maliyetleri,"index, follow",,True,True,3,/blog; /blog/ingiltere-ara-depo-nedir; /blog/ingiltere-depo-fiyatlari-2026,https://www.londradepo.com/blog/ingiltere-palet-depolama-maliyetleri,200,https://www.londradepo.com/blog/ingiltere-palet-depolama-maliyetleri,3,/blog; /blog/ingiltere-ara-depo-nedir; /blog/ingiltere-depo-fiyatlari-2026,Bilgilendirici rehber korunur; blog hub ve ilgili yazılardan erişim doğrulandı.
https://www.londradepo.com/blog/turkiyeden-ingiltereye-ihracat-rehberi,307 → 200,https://londradepo.com/blog/turkiyeden-ingiltereye-ihracat-rehberi,200,https://www.londradepo.com/blog/turkiyeden-ingiltereye-ihracat-rehberi,"index, follow",,True,True,5,/blog; /blog/ingiltere-ara-depo-nedir; /blog/ingiltere-depo-rehberi; ; /case-studies/tortilla-uk-distribution,https://www.londradepo.com/blog/turkiyeden-ingiltereye-ihracat-rehberi,200,https://www.londradepo.com/blog/turkiyeden-ingiltereye-ihracat-rehberi,5,; /case-studies/tortilla-uk-distribution; /blog; /blog/ingiltere-depo-rehberi; /blog/ingiltere-ara-depo-nedir,Bilgilendirici rehber korunur; blog hub ve ilgili yazılardan erişim doğrulandı.
https://www.londradepo.com/case-studies,307 → 200,https://londradepo.com/case-studies,200,https://www.londradepo.com/case-studies,"index, follow",,True,True,46,/amazon-fulfillment; /amazon-ingiltere-depo; /amazon-prep-uk; /blog; /blog/amazon-fba-vs-uk-fulfillment; /blog/amazon-prep-uk-rehberi; /blog/ingiltere-ara-depo-nedir; /blog/ingiltere-depo-fiyatlari-2026; /blog/ingiltere-depo-rehberi; /blog/ingiltere-fulfillment-nedir; /blog/ingiltere-palet-depolama-maliyetleri; /blog/turkiyeden-ingiltereye-ihracat-rehberi; /case-studies/arac-koltuk-kaplama-ingiltere-depo; /case-studies/cruyff-uk-fulfillment; /case-studies/pizza-box-distribution-uk; /case-studies/tasinabilir-sarj-istasyonu-ingiltere-operasyonu; /case-studies/uk-walking-treadmill-distribution; /cookie-policy; /depolama; /e-ticaret-fulfillment; /essex-depo; /hakkimizda; /iletisim; /ingiltere-depo; /ingiltere-depo-avantajlari; /ingiltere-depo-fiyatlari; /ingiltere-e-ticaret-lojistigi; /ingiltere-fulfillment; /londra-depo; /nakliye-dagitim; /palet-depolama; /privacy-policy; /shopify-ingiltere-depo; /siparis-toplama-paketleme; /sozlesme-kosullari; /turk-sirketleri-icin-ingiltere-depo; /turkiye-ingiltere-lojistik; /turkiyeden-ingiltereye-depolama; /turkiyeden-ingiltereye-satis; /uk-warehousing-fulfilment; ; /gumrukleme; /ellecleme; /shopify-fulfillment; /case-studies/tortilla-uk-distribution; /case-studies/uk-auto-parts-warehouse,https://www.londradepo.com/case-studies,200,https://www.londradepo.com/case-studies,46,; /ingiltere-depo-avantajlari; /hakkimizda; /iletisim; /ingiltere-depo; /londra-depo; /ingiltere-e-ticaret-lojistigi; /siparis-toplama-paketleme; /ingiltere-depo-fiyatlari; /turk-sirketleri-icin-ingiltere-depo; /turkiye-ingiltere-lojistik; /turkiyeden-ingiltereye-satis; /shopify-ingiltere-depo; /amazon-ingiltere-depo; /ingiltere-fulfillment; /palet-depolama; /amazon-prep-uk; /depolama; /gumrukleme; /ellecleme; /nakliye-dagitim; /e-ticaret-fulfillment; /shopify-fulfillment; /amazon-fulfillment; /turkiyeden-ingiltereye-depolama; /uk-warehousing-fulfilment; /essex-depo; /case-studies/cruyff-uk-fulfillment; /case-studies/pizza-box-distribution-uk; /case-studies/tortilla-uk-distribution; /case-studies/uk-auto-parts-warehouse; /case-studies/uk-walking-treadmill-distribution; /case-studies/arac-koltuk-kaplama-ingiltere-depo; /case-studies/tasinabilir-sarj-istasyonu-ingiltere-operasyonu; /blog; /blog/ingiltere-depo-rehberi; /blog/ingiltere-fulfillment-nedir; /blog/amazon-prep-uk-rehberi; /blog/ingiltere-ara-depo-nedir; /blog/ingiltere-depo-fiyatlari-2026; /blog/ingiltere-palet-depolama-maliyetleri; /blog/amazon-fba-vs-uk-fulfillment; /blog/turkiyeden-ingiltereye-ihracat-rehberi; /privacy-policy; /cookie-policy; /sozlesme-kosullari,"Mevcut içerik ve URL korunur; self canonical www, sitemap ve ilgili bağlantılar doğrulandı."
https://www.londradepo.com/case-studies/arac-koltuk-kaplama-ingiltere-depo,307 → 200,https://londradepo.com/case-studies/arac-koltuk-kaplama-ingiltere-depo,200,https://www.londradepo.com/case-studies/arac-koltuk-kaplama-ingiltere-depo,"index, follow",,True,True,1,/case-studies,https://www.londradepo.com/case-studies/arac-koltuk-kaplama-ingiltere-depo,200,https://www.londradepo.com/case-studies/arac-koltuk-kaplama-ingiltere-depo,1,/case-studies,Ürün/operasyon örneği korunur; vaka hub/ilgili vaka bağlantısı doğrulandı.
https://www.londradepo.com/case-studies/cruyff-uk-fulfillment,307 → 200,https://londradepo.com/case-studies/cruyff-uk-fulfillment,200,https://www.londradepo.com/case-studies/cruyff-uk-fulfillment,"index, follow",,True,True,3,/case-studies; /case-studies/tasinabilir-sarj-istasyonu-ingiltere-operasyonu; /case-studies/tortilla-uk-distribution,https://www.londradepo.com/case-studies/cruyff-uk-fulfillment,200,https://www.londradepo.com/case-studies/cruyff-uk-fulfillment,6,; /case-studies; /case-studies/pizza-box-distribution-uk; /case-studies/tortilla-uk-distribution; /case-studies/uk-auto-parts-warehouse; /case-studies/tasinabilir-sarj-istasyonu-ingiltere-operasyonu,Hizmet/platform odağı korunur; sorgu ve dönüşüm verisi olmadan URL birleştirilmez.
https://www.londradepo.com/case-studies/pizza-box-distribution-uk,307 → 200,https://londradepo.com/case-studies/pizza-box-distribution-uk,200,https://www.londradepo.com/case-studies/pizza-box-distribution-uk,"index, follow",,True,True,6,/case-studies; /case-studies/arac-koltuk-kaplama-ingiltere-depo; /case-studies/cruyff-uk-fulfillment; /case-studies/uk-walking-treadmill-distribution; /case-studies/tortilla-uk-distribution; /case-studies/uk-auto-parts-warehouse,https://www.londradepo.com/case-studies/pizza-box-distribution-uk,200,https://www.londradepo.com/case-studies/pizza-box-distribution-uk,6,/case-studies; /case-studies/cruyff-uk-fulfillment; /case-studies/tortilla-uk-distribution; /case-studies/uk-auto-parts-warehouse; /case-studies/uk-walking-treadmill-distribution; /case-studies/arac-koltuk-kaplama-ingiltere-depo,Ürün/operasyon örneği korunur; vaka hub/ilgili vaka bağlantısı doğrulandı.
https://www.londradepo.com/case-studies/tasinabilir-sarj-istasyonu-ingiltere-operasyonu,307 → 200,https://londradepo.com/case-studies/tasinabilir-sarj-istasyonu-ingiltere-operasyonu,200,https://www.londradepo.com/case-studies/tasinabilir-sarj-istasyonu-ingiltere-operasyonu,"index, follow",,True,True,1,/case-studies,https://www.londradepo.com/case-studies/tasinabilir-sarj-istasyonu-ingiltere-operasyonu,200,https://www.londradepo.com/case-studies/tasinabilir-sarj-istasyonu-ingiltere-operasyonu,1,/case-studies,Ürün/operasyon örneği korunur; vaka hub/ilgili vaka bağlantısı doğrulandı.
https://www.londradepo.com/case-studies/uk-walking-treadmill-distribution,307 → 200,https://londradepo.com/case-studies/uk-walking-treadmill-distribution,200,https://www.londradepo.com/case-studies/uk-walking-treadmill-distribution,"index, follow",,True,True,2,/case-studies; /case-studies/tasinabilir-sarj-istasyonu-ingiltere-operasyonu,https://www.londradepo.com/case-studies/uk-walking-treadmill-distribution,200,https://www.londradepo.com/case-studies/uk-walking-treadmill-distribution,2,/case-studies; /case-studies/tasinabilir-sarj-istasyonu-ingiltere-operasyonu,Ürün/operasyon örneği korunur; vaka hub/ilgili vaka bağlantısı doğrulandı.
https://www.londradepo.com/cookie-policy,307 → 200,https://londradepo.com/cookie-policy,200,https://www.londradepo.com/cookie-policy,"index, follow",,True,True,46,/amazon-fulfillment; /amazon-ingiltere-depo; /amazon-prep-uk; /blog; /blog/amazon-fba-vs-uk-fulfillment; /blog/amazon-prep-uk-rehberi; /blog/ingiltere-ara-depo-nedir; /blog/ingiltere-depo-fiyatlari-2026; /blog/ingiltere-depo-rehberi; /blog/ingiltere-fulfillment-nedir; /blog/ingiltere-palet-depolama-maliyetleri; /blog/turkiyeden-ingiltereye-ihracat-rehberi; /case-studies; /case-studies/arac-koltuk-kaplama-ingiltere-depo; /case-studies/cruyff-uk-fulfillment; /case-studies/pizza-box-distribution-uk; /case-studies/tasinabilir-sarj-istasyonu-ingiltere-operasyonu; /case-studies/uk-walking-treadmill-distribution; /depolama; /e-ticaret-fulfillment; /essex-depo; /hakkimizda; /iletisim; /ingiltere-depo; /ingiltere-depo-avantajlari; /ingiltere-depo-fiyatlari; /ingiltere-e-ticaret-lojistigi; /ingiltere-fulfillment; /londra-depo; /nakliye-dagitim; /palet-depolama; /privacy-policy; /shopify-ingiltere-depo; /siparis-toplama-paketleme; /sozlesme-kosullari; /turk-sirketleri-icin-ingiltere-depo; /turkiye-ingiltere-lojistik; /turkiyeden-ingiltereye-depolama; /turkiyeden-ingiltereye-satis; /uk-warehousing-fulfilment; ; /gumrukleme; /ellecleme; /shopify-fulfillment; /case-studies/tortilla-uk-distribution; /case-studies/uk-auto-parts-warehouse,https://www.londradepo.com/cookie-policy,200,https://www.londradepo.com/cookie-policy,46,; /ingiltere-depo-avantajlari; /hakkimizda; /iletisim; /ingiltere-depo; /londra-depo; /ingiltere-e-ticaret-lojistigi; /siparis-toplama-paketleme; /ingiltere-depo-fiyatlari; /turk-sirketleri-icin-ingiltere-depo; /turkiye-ingiltere-lojistik; /turkiyeden-ingiltereye-satis; /shopify-ingiltere-depo; /amazon-ingiltere-depo; /ingiltere-fulfillment; /palet-depolama; /amazon-prep-uk; /depolama; /gumrukleme; /ellecleme; /nakliye-dagitim; /e-ticaret-fulfillment; /shopify-fulfillment; /amazon-fulfillment; /turkiyeden-ingiltereye-depolama; /uk-warehousing-fulfilment; /essex-depo; /case-studies; /case-studies/cruyff-uk-fulfillment; /case-studies/pizza-box-distribution-uk; /case-studies/tortilla-uk-distribution; /case-studies/uk-auto-parts-warehouse; /case-studies/uk-walking-treadmill-distribution; /case-studies/arac-koltuk-kaplama-ingiltere-depo; /case-studies/tasinabilir-sarj-istasyonu-ingiltere-operasyonu; /blog; /blog/ingiltere-depo-rehberi; /blog/ingiltere-fulfillment-nedir; /blog/amazon-prep-uk-rehberi; /blog/ingiltere-ara-depo-nedir; /blog/ingiltere-depo-fiyatlari-2026; /blog/ingiltere-palet-depolama-maliyetleri; /blog/amazon-fba-vs-uk-fulfillment; /blog/turkiyeden-ingiltereye-ihracat-rehberi; /privacy-policy; /sozlesme-kosullari,"Yasal bilgilendirme; index/follow ve düşük sitemap önceliği korunur, dizin isteği önceliği düşük."
https://www.londradepo.com/depolama,307 → 200,https://londradepo.com/depolama,200,https://www.londradepo.com/depolama,"index, follow",,True,True,46,/amazon-fulfillment; /amazon-ingiltere-depo; /amazon-prep-uk; /blog; /blog/amazon-fba-vs-uk-fulfillment; /blog/amazon-prep-uk-rehberi; /blog/ingiltere-ara-depo-nedir; /blog/ingiltere-depo-fiyatlari-2026; /blog/ingiltere-depo-rehberi; /blog/ingiltere-fulfillment-nedir; /blog/ingiltere-palet-depolama-maliyetleri; /blog/turkiyeden-ingiltereye-ihracat-rehberi; /case-studies; /case-studies/arac-koltuk-kaplama-ingiltere-depo; /case-studies/cruyff-uk-fulfillment; /case-studies/pizza-box-distribution-uk; /case-studies/tasinabilir-sarj-istasyonu-ingiltere-operasyonu; /case-studies/uk-walking-treadmill-distribution; /cookie-policy; /e-ticaret-fulfillment; /essex-depo; /hakkimizda; /iletisim; /ingiltere-depo; /ingiltere-depo-avantajlari; /ingiltere-depo-fiyatlari; /ingiltere-e-ticaret-lojistigi; /ingiltere-fulfillment; /londra-depo; /nakliye-dagitim; /palet-depolama; /privacy-policy; /shopify-ingiltere-depo; /siparis-toplama-paketleme; /sozlesme-kosullari; /turk-sirketleri-icin-ingiltere-depo; /turkiye-ingiltere-lojistik; /turkiyeden-ingiltereye-depolama; /turkiyeden-ingiltereye-satis; /uk-warehousing-fulfilment; ; /gumrukleme; /ellecleme; /shopify-fulfillment; /case-studies/tortilla-uk-distribution; /case-studies/uk-auto-parts-warehouse,https://www.londradepo.com/depolama,200,https://www.londradepo.com/depolama,46,; /ingiltere-depo-avantajlari; /hakkimizda; /iletisim; /ingiltere-depo; /londra-depo; /ingiltere-e-ticaret-lojistigi; /siparis-toplama-paketleme; /ingiltere-depo-fiyatlari; /turk-sirketleri-icin-ingiltere-depo; /turkiye-ingiltere-lojistik; /turkiyeden-ingiltereye-satis; /shopify-ingiltere-depo; /amazon-ingiltere-depo; /ingiltere-fulfillment; /palet-depolama; /amazon-prep-uk; /gumrukleme; /ellecleme; /nakliye-dagitim; /e-ticaret-fulfillment; /shopify-fulfillment; /amazon-fulfillment; /turkiyeden-ingiltereye-depolama; /uk-warehousing-fulfilment; /essex-depo; /case-studies; /case-studies/cruyff-uk-fulfillment; /case-studies/pizza-box-distribution-uk; /case-studies/tortilla-uk-distribution; /case-studies/uk-auto-parts-warehouse; /case-studies/uk-walking-treadmill-distribution; /case-studies/arac-koltuk-kaplama-ingiltere-depo; /case-studies/tasinabilir-sarj-istasyonu-ingiltere-operasyonu; /blog; /blog/ingiltere-depo-rehberi; /blog/ingiltere-fulfillment-nedir; /blog/amazon-prep-uk-rehberi; /blog/ingiltere-ara-depo-nedir; /blog/ingiltere-depo-fiyatlari-2026; /blog/ingiltere-palet-depolama-maliyetleri; /blog/amazon-fba-vs-uk-fulfillment; /blog/turkiyeden-ingiltereye-ihracat-rehberi; /privacy-policy; /cookie-policy; /sozlesme-kosullari,"Mevcut içerik ve URL korunur; self canonical www, sitemap ve ilgili bağlantılar doğrulandı."
https://www.londradepo.com/e-ticaret-fulfillment,307 → 200,https://londradepo.com/e-ticaret-fulfillment,200,https://www.londradepo.com/e-ticaret-fulfillment,"index, follow",,True,True,46,/amazon-fulfillment; /amazon-ingiltere-depo; /amazon-prep-uk; /blog; /blog/amazon-fba-vs-uk-fulfillment; /blog/amazon-prep-uk-rehberi; /blog/ingiltere-ara-depo-nedir; /blog/ingiltere-depo-fiyatlari-2026; /blog/ingiltere-depo-rehberi; /blog/ingiltere-fulfillment-nedir; /blog/ingiltere-palet-depolama-maliyetleri; /blog/turkiyeden-ingiltereye-ihracat-rehberi; /case-studies; /case-studies/arac-koltuk-kaplama-ingiltere-depo; /case-studies/cruyff-uk-fulfillment; /case-studies/pizza-box-distribution-uk; /case-studies/tasinabilir-sarj-istasyonu-ingiltere-operasyonu; /case-studies/uk-walking-treadmill-distribution; /cookie-policy; /depolama; /essex-depo; /hakkimizda; /iletisim; /ingiltere-depo; /ingiltere-depo-avantajlari; /ingiltere-depo-fiyatlari; /ingiltere-e-ticaret-lojistigi; /ingiltere-fulfillment; /londra-depo; /nakliye-dagitim; /palet-depolama; /privacy-policy; /shopify-ingiltere-depo; /siparis-toplama-paketleme; /sozlesme-kosullari; /turk-sirketleri-icin-ingiltere-depo; /turkiye-ingiltere-lojistik; /turkiyeden-ingiltereye-depolama; /turkiyeden-ingiltereye-satis; /uk-warehousing-fulfilment; ; /gumrukleme; /ellecleme; /shopify-fulfillment; /case-studies/tortilla-uk-distribution; /case-studies/uk-auto-parts-warehouse,https://www.londradepo.com/e-ticaret-fulfillment,200,https://www.londradepo.com/e-ticaret-fulfillment,46,; /ingiltere-depo-avantajlari; /hakkimizda; /iletisim; /ingiltere-depo; /londra-depo; /ingiltere-e-ticaret-lojistigi; /siparis-toplama-paketleme; /ingiltere-depo-fiyatlari; /turk-sirketleri-icin-ingiltere-depo; /turkiye-ingiltere-lojistik; /turkiyeden-ingiltereye-satis; /shopify-ingiltere-depo; /amazon-ingiltere-depo; /ingiltere-fulfillment; /palet-depolama; /amazon-prep-uk; /depolama; /gumrukleme; /ellecleme; /nakliye-dagitim; /shopify-fulfillment; /amazon-fulfillment; /turkiyeden-ingiltereye-depolama; /uk-warehousing-fulfilment; /essex-depo; /case-studies; /case-studies/cruyff-uk-fulfillment; /case-studies/pizza-box-distribution-uk; /case-studies/tortilla-uk-distribution; /case-studies/uk-auto-parts-warehouse; /case-studies/uk-walking-treadmill-distribution; /case-studies/arac-koltuk-kaplama-ingiltere-depo; /case-studies/tasinabilir-sarj-istasyonu-ingiltere-operasyonu; /blog; /blog/ingiltere-depo-rehberi; /blog/ingiltere-fulfillment-nedir; /blog/amazon-prep-uk-rehberi; /blog/ingiltere-ara-depo-nedir; /blog/ingiltere-depo-fiyatlari-2026; /blog/ingiltere-palet-depolama-maliyetleri; /blog/amazon-fba-vs-uk-fulfillment; /blog/turkiyeden-ingiltereye-ihracat-rehberi; /privacy-policy; /cookie-policy; /sozlesme-kosullari,Hizmet/platform odağı korunur; sorgu ve dönüşüm verisi olmadan URL birleştirilmez.
https://www.londradepo.com/essex-depo,307 → 200,https://londradepo.com/essex-depo,200,https://www.londradepo.com/essex-depo,"index, follow",,True,True,12,/amazon-prep-uk; /blog/ingiltere-ara-depo-nedir; /blog/ingiltere-palet-depolama-maliyetleri; /case-studies/arac-koltuk-kaplama-ingiltere-depo; /case-studies/pizza-box-distribution-uk; /case-studies/tasinabilir-sarj-istasyonu-ingiltere-operasyonu; /case-studies/uk-walking-treadmill-distribution; /hakkimizda; /ingiltere-depo; /londra-depo; /palet-depolama; /case-studies/uk-auto-parts-warehouse,https://www.londradepo.com/essex-depo,200,https://www.londradepo.com/essex-depo,12,/hakkimizda; /ingiltere-depo; /londra-depo; /palet-depolama; /amazon-prep-uk; /case-studies/pizza-box-distribution-uk; /case-studies/uk-auto-parts-warehouse; /case-studies/uk-walking-treadmill-distribution; /case-studies/arac-koltuk-kaplama-ingiltere-depo; /case-studies/tasinabilir-sarj-istasyonu-ingiltere-operasyonu; /blog/ingiltere-ara-depo-nedir; /blog/ingiltere-palet-depolama-maliyetleri,Ülke/lokasyon niyeti nedeniyle ayrı korunur; Search Console sorgu verisi olmadan birleştirme yapılmaz.
https://www.londradepo.com/hakkimizda,307 → 200,https://londradepo.com/hakkimizda,200,https://www.londradepo.com/hakkimizda,"index, follow",,True,True,46,/amazon-fulfillment; /amazon-ingiltere-depo; /amazon-prep-uk; /blog; /blog/amazon-fba-vs-uk-fulfillment; /blog/amazon-prep-uk-rehberi; /blog/ingiltere-ara-depo-nedir; /blog/ingiltere-depo-fiyatlari-2026; /blog/ingiltere-depo-rehberi; /blog/ingiltere-fulfillment-nedir; /blog/ingiltere-palet-depolama-maliyetleri; /blog/turkiyeden-ingiltereye-ihracat-rehberi; /case-studies; /case-studies/arac-koltuk-kaplama-ingiltere-depo; /case-studies/cruyff-uk-fulfillment; /case-studies/pizza-box-distribution-uk; /case-studies/tasinabilir-sarj-istasyonu-ingiltere-operasyonu; /case-studies/uk-walking-treadmill-distribution; /cookie-policy; /depolama; /e-ticaret-fulfillment; /essex-depo; /iletisim; /ingiltere-depo; /ingiltere-depo-avantajlari; /ingiltere-depo-fiyatlari; /ingiltere-e-ticaret-lojistigi; /ingiltere-fulfillment; /londra-depo; /nakliye-dagitim; /palet-depolama; /privacy-policy; /shopify-ingiltere-depo; /siparis-toplama-paketleme; /sozlesme-kosullari; /turk-sirketleri-icin-ingiltere-depo; /turkiye-ingiltere-lojistik; /turkiyeden-ingiltereye-depolama; /turkiyeden-ingiltereye-satis; /uk-warehousing-fulfilment; ; /gumrukleme; /ellecleme; /shopify-fulfillment; /case-studies/tortilla-uk-distribution; /case-studies/uk-auto-parts-warehouse,https://www.londradepo.com/hakkimizda,200,https://www.londradepo.com/hakkimizda,46,; /ingiltere-depo-avantajlari; /iletisim; /ingiltere-depo; /londra-depo; /ingiltere-e-ticaret-lojistigi; /siparis-toplama-paketleme; /ingiltere-depo-fiyatlari; /turk-sirketleri-icin-ingiltere-depo; /turkiye-ingiltere-lojistik; /turkiyeden-ingiltereye-satis; /shopify-ingiltere-depo; /amazon-ingiltere-depo; /ingiltere-fulfillment; /palet-depolama; /amazon-prep-uk; /depolama; /gumrukleme; /ellecleme; /nakliye-dagitim; /e-ticaret-fulfillment; /shopify-fulfillment; /amazon-fulfillment; /turkiyeden-ingiltereye-depolama; /uk-warehousing-fulfilment; /essex-depo; /case-studies; /case-studies/cruyff-uk-fulfillment; /case-studies/pizza-box-distribution-uk; /case-studies/tortilla-uk-distribution; /case-studies/uk-auto-parts-warehouse; /case-studies/uk-walking-treadmill-distribution; /case-studies/arac-koltuk-kaplama-ingiltere-depo; /case-studies/tasinabilir-sarj-istasyonu-ingiltere-operasyonu; /blog; /blog/ingiltere-depo-rehberi; /blog/ingiltere-fulfillment-nedir; /blog/amazon-prep-uk-rehberi; /blog/ingiltere-ara-depo-nedir; /blog/ingiltere-depo-fiyatlari-2026; /blog/ingiltere-palet-depolama-maliyetleri; /blog/amazon-fba-vs-uk-fulfillment; /blog/turkiyeden-ingiltereye-ihracat-rehberi; /privacy-policy; /cookie-policy; /sozlesme-kosullari,"Mevcut içerik ve URL korunur; self canonical www, sitemap ve ilgili bağlantılar doğrulandı."
https://www.londradepo.com/iletisim,307 → 200,https://londradepo.com/iletisim,200,https://www.londradepo.com/iletisim,"index, follow",,True,True,46,/amazon-fulfillment; /amazon-ingiltere-depo; /amazon-prep-uk; /blog; /blog/amazon-fba-vs-uk-fulfillment; /blog/amazon-prep-uk-rehberi; /blog/ingiltere-ara-depo-nedir; /blog/ingiltere-depo-fiyatlari-2026; /blog/ingiltere-depo-rehberi; /blog/ingiltere-fulfillment-nedir; /blog/ingiltere-palet-depolama-maliyetleri; /blog/turkiyeden-ingiltereye-ihracat-rehberi; /case-studies; /case-studies/arac-koltuk-kaplama-ingiltere-depo; /case-studies/cruyff-uk-fulfillment; /case-studies/pizza-box-distribution-uk; /case-studies/tasinabilir-sarj-istasyonu-ingiltere-operasyonu; /case-studies/uk-walking-treadmill-distribution; /cookie-policy; /depolama; /e-ticaret-fulfillment; /essex-depo; /hakkimizda; /ingiltere-depo; /ingiltere-depo-avantajlari; /ingiltere-depo-fiyatlari; /ingiltere-e-ticaret-lojistigi; /ingiltere-fulfillment; /londra-depo; /nakliye-dagitim; /palet-depolama; /privacy-policy; /shopify-ingiltere-depo; /siparis-toplama-paketleme; /sozlesme-kosullari; /turk-sirketleri-icin-ingiltere-depo; /turkiye-ingiltere-lojistik; /turkiyeden-ingiltereye-depolama; /turkiyeden-ingiltereye-satis; /uk-warehousing-fulfilment; ; /gumrukleme; /ellecleme; /shopify-fulfillment; /case-studies/tortilla-uk-distribution; /case-studies/uk-auto-parts-warehouse,https://www.londradepo.com/iletisim,200,https://www.londradepo.com/iletisim,46,; /ingiltere-depo-avantajlari; /hakkimizda; /ingiltere-depo; /londra-depo; /ingiltere-e-ticaret-lojistigi; /siparis-toplama-paketleme; /ingiltere-depo-fiyatlari; /turk-sirketleri-icin-ingiltere-depo; /turkiye-ingiltere-lojistik; /turkiyeden-ingiltereye-satis; /shopify-ingiltere-depo; /amazon-ingiltere-depo; /ingiltere-fulfillment; /palet-depolama; /amazon-prep-uk; /depolama; /gumrukleme; /ellecleme; /nakliye-dagitim; /e-ticaret-fulfillment; /shopify-fulfillment; /amazon-fulfillment; /turkiyeden-ingiltereye-depolama; /uk-warehousing-fulfilment; /essex-depo; /case-studies; /case-studies/cruyff-uk-fulfillment; /case-studies/pizza-box-distribution-uk; /case-studies/tortilla-uk-distribution; /case-studies/uk-auto-parts-warehouse; /case-studies/uk-walking-treadmill-distribution; /case-studies/arac-koltuk-kaplama-ingiltere-depo; /case-studies/tasinabilir-sarj-istasyonu-ingiltere-operasyonu; /blog; /blog/ingiltere-depo-rehberi; /blog/ingiltere-fulfillment-nedir; /blog/amazon-prep-uk-rehberi; /blog/ingiltere-ara-depo-nedir; /blog/ingiltere-depo-fiyatlari-2026; /blog/ingiltere-palet-depolama-maliyetleri; /blog/amazon-fba-vs-uk-fulfillment; /blog/turkiyeden-ingiltereye-ihracat-rehberi; /privacy-policy; /cookie-policy; /sozlesme-kosullari,"Mevcut içerik ve URL korunur; self canonical www, sitemap ve ilgili bağlantılar doğrulandı."
https://www.londradepo.com/ingiltere-depo,307 → 200,https://londradepo.com/ingiltere-depo,200,https://www.londradepo.com/ingiltere-depo,"index, follow",,True,True,46,/amazon-fulfillment; /amazon-ingiltere-depo; /amazon-prep-uk; /blog; /blog/amazon-fba-vs-uk-fulfillment; /blog/amazon-prep-uk-rehberi; /blog/ingiltere-ara-depo-nedir; /blog/ingiltere-depo-fiyatlari-2026; /blog/ingiltere-depo-rehberi; /blog/ingiltere-fulfillment-nedir; /blog/ingiltere-palet-depolama-maliyetleri; /blog/turkiyeden-ingiltereye-ihracat-rehberi; /case-studies; /case-studies/arac-koltuk-kaplama-ingiltere-depo; /case-studies/cruyff-uk-fulfillment; /case-studies/pizza-box-distribution-uk; /case-studies/tasinabilir-sarj-istasyonu-ingiltere-operasyonu; /case-studies/uk-walking-treadmill-distribution; /cookie-policy; /depolama; /e-ticaret-fulfillment; /essex-depo; /hakkimizda; /iletisim; /ingiltere-depo-avantajlari; /ingiltere-depo-fiyatlari; /ingiltere-e-ticaret-lojistigi; /ingiltere-fulfillment; /londra-depo; /nakliye-dagitim; /palet-depolama; /privacy-policy; /shopify-ingiltere-depo; /siparis-toplama-paketleme; /sozlesme-kosullari; /turk-sirketleri-icin-ingiltere-depo; /turkiye-ingiltere-lojistik; /turkiyeden-ingiltereye-depolama; /turkiyeden-ingiltereye-satis; /uk-warehousing-fulfilment; ; /gumrukleme; /ellecleme; /shopify-fulfillment; /case-studies/tortilla-uk-distribution; /case-studies/uk-auto-parts-warehouse,https://www.londradepo.com/ingiltere-depo,200,https://www.londradepo.com/ingiltere-depo,46,; /ingiltere-depo-avantajlari; /hakkimizda; /iletisim; /londra-depo; /ingiltere-e-ticaret-lojistigi; /siparis-toplama-paketleme; /ingiltere-depo-fiyatlari; /turk-sirketleri-icin-ingiltere-depo; /turkiye-ingiltere-lojistik; /turkiyeden-ingiltereye-satis; /shopify-ingiltere-depo; /amazon-ingiltere-depo; /ingiltere-fulfillment; /palet-depolama; /amazon-prep-uk; /depolama; /gumrukleme; /ellecleme; /nakliye-dagitim; /e-ticaret-fulfillment; /shopify-fulfillment; /amazon-fulfillment; /turkiyeden-ingiltereye-depolama; /uk-warehousing-fulfilment; /essex-depo; /case-studies; /case-studies/cruyff-uk-fulfillment; /case-studies/pizza-box-distribution-uk; /case-studies/tortilla-uk-distribution; /case-studies/uk-auto-parts-warehouse; /case-studies/uk-walking-treadmill-distribution; /case-studies/arac-koltuk-kaplama-ingiltere-depo; /case-studies/tasinabilir-sarj-istasyonu-ingiltere-operasyonu; /blog; /blog/ingiltere-depo-rehberi; /blog/ingiltere-fulfillment-nedir; /blog/amazon-prep-uk-rehberi; /blog/ingiltere-ara-depo-nedir; /blog/ingiltere-depo-fiyatlari-2026; /blog/ingiltere-palet-depolama-maliyetleri; /blog/amazon-fba-vs-uk-fulfillment; /blog/turkiyeden-ingiltereye-ihracat-rehberi; /privacy-policy; /cookie-policy; /sozlesme-kosullari,Ülke/lokasyon niyeti nedeniyle ayrı korunur; Search Console sorgu verisi olmadan birleştirme yapılmaz.
https://www.londradepo.com/ingiltere-depo-avantajlari,307 → 200,https://londradepo.com/ingiltere-depo-avantajlari,200,https://www.londradepo.com/ingiltere-depo-avantajlari,"index, follow",,True,True,13,/blog; /blog/ingiltere-ara-depo-nedir; /blog/ingiltere-depo-rehberi; /blog/ingiltere-palet-depolama-maliyetleri; /case-studies; /case-studies/arac-koltuk-kaplama-ingiltere-depo; /case-studies/pizza-box-distribution-uk; /case-studies/tasinabilir-sarj-istasyonu-ingiltere-operasyonu; /case-studies/uk-walking-treadmill-distribution; /hakkimizda; /ingiltere-fulfillment; /case-studies/tortilla-uk-distribution; /case-studies/uk-auto-parts-warehouse,https://www.londradepo.com/ingiltere-depo-avantajlari,200,https://www.londradepo.com/ingiltere-depo-avantajlari,13,/hakkimizda; /ingiltere-fulfillment; /case-studies; /case-studies/pizza-box-distribution-uk; /case-studies/tortilla-uk-distribution; /case-studies/uk-auto-parts-warehouse; /case-studies/uk-walking-treadmill-distribution; /case-studies/arac-koltuk-kaplama-ingiltere-depo; /case-studies/tasinabilir-sarj-istasyonu-ingiltere-operasyonu; /blog; /blog/ingiltere-depo-rehberi; /blog/ingiltere-ara-depo-nedir; /blog/ingiltere-palet-depolama-maliyetleri,"Mevcut içerik ve URL korunur; self canonical www, sitemap ve ilgili bağlantılar doğrulandı."
https://www.londradepo.com/ingiltere-depo-fiyatlari,307 → 200,https://londradepo.com/ingiltere-depo-fiyatlari,200,https://www.londradepo.com/ingiltere-depo-fiyatlari,"index, follow",,True,True,46,/amazon-fulfillment; /amazon-ingiltere-depo; /amazon-prep-uk; /blog; /blog/amazon-fba-vs-uk-fulfillment; /blog/amazon-prep-uk-rehberi; /blog/ingiltere-ara-depo-nedir; /blog/ingiltere-depo-fiyatlari-2026; /blog/ingiltere-depo-rehberi; /blog/ingiltere-fulfillment-nedir; /blog/ingiltere-palet-depolama-maliyetleri; /blog/turkiyeden-ingiltereye-ihracat-rehberi; /case-studies; /case-studies/arac-koltuk-kaplama-ingiltere-depo; /case-studies/cruyff-uk-fulfillment; /case-studies/pizza-box-distribution-uk; /case-studies/tasinabilir-sarj-istasyonu-ingiltere-operasyonu; /case-studies/uk-walking-treadmill-distribution; /cookie-policy; /depolama; /e-ticaret-fulfillment; /essex-depo; /hakkimizda; /iletisim; /ingiltere-depo; /ingiltere-depo-avantajlari; /ingiltere-e-ticaret-lojistigi; /ingiltere-fulfillment; /londra-depo; /nakliye-dagitim; /palet-depolama; /privacy-policy; /shopify-ingiltere-depo; /siparis-toplama-paketleme; /sozlesme-kosullari; /turk-sirketleri-icin-ingiltere-depo; /turkiye-ingiltere-lojistik; /turkiyeden-ingiltereye-depolama; /turkiyeden-ingiltereye-satis; /uk-warehousing-fulfilment; ; /gumrukleme; /ellecleme; /shopify-fulfillment; /case-studies/tortilla-uk-distribution; /case-studies/uk-auto-parts-warehouse,https://www.londradepo.com/ingiltere-depo-fiyatlari,200,https://www.londradepo.com/ingiltere-depo-fiyatlari,46,; /ingiltere-depo-avantajlari; /hakkimizda; /iletisim; /ingiltere-depo; /londra-depo; /ingiltere-e-ticaret-lojistigi; /siparis-toplama-paketleme; /turk-sirketleri-icin-ingiltere-depo; /turkiye-ingiltere-lojistik; /turkiyeden-ingiltereye-satis; /shopify-ingiltere-depo; /amazon-ingiltere-depo; /ingiltere-fulfillment; /palet-depolama; /amazon-prep-uk; /depolama; /gumrukleme; /ellecleme; /nakliye-dagitim; /e-ticaret-fulfillment; /shopify-fulfillment; /amazon-fulfillment; /turkiyeden-ingiltereye-depolama; /uk-warehousing-fulfilment; /essex-depo; /case-studies; /case-studies/cruyff-uk-fulfillment; /case-studies/pizza-box-distribution-uk; /case-studies/tortilla-uk-distribution; /case-studies/uk-auto-parts-warehouse; /case-studies/uk-walking-treadmill-distribution; /case-studies/arac-koltuk-kaplama-ingiltere-depo; /case-studies/tasinabilir-sarj-istasyonu-ingiltere-operasyonu; /blog; /blog/ingiltere-depo-rehberi; /blog/ingiltere-fulfillment-nedir; /blog/amazon-prep-uk-rehberi; /blog/ingiltere-ara-depo-nedir; /blog/ingiltere-depo-fiyatlari-2026; /blog/ingiltere-palet-depolama-maliyetleri; /blog/amazon-fba-vs-uk-fulfillment; /blog/turkiyeden-ingiltereye-ihracat-rehberi; /privacy-policy; /cookie-policy; /sozlesme-kosullari,"Mevcut içerik ve URL korunur; self canonical www, sitemap ve ilgili bağlantılar doğrulandı."
https://www.londradepo.com/ingiltere-e-ticaret-lojistigi,307 → 200,https://londradepo.com/ingiltere-e-ticaret-lojistigi,200,https://www.londradepo.com/ingiltere-e-ticaret-lojistigi,"index, follow",,True,True,46,/amazon-fulfillment; /amazon-ingiltere-depo; /amazon-prep-uk; /blog; /blog/amazon-fba-vs-uk-fulfillment; /blog/amazon-prep-uk-rehberi; /blog/ingiltere-ara-depo-nedir; /blog/ingiltere-depo-fiyatlari-2026; /blog/ingiltere-depo-rehberi; /blog/ingiltere-fulfillment-nedir; /blog/ingiltere-palet-depolama-maliyetleri; /blog/turkiyeden-ingiltereye-ihracat-rehberi; /case-studies; /case-studies/arac-koltuk-kaplama-ingiltere-depo; /case-studies/cruyff-uk-fulfillment; /case-studies/pizza-box-distribution-uk; /case-studies/tasinabilir-sarj-istasyonu-ingiltere-operasyonu; /case-studies/uk-walking-treadmill-distribution; /cookie-policy; /depolama; /e-ticaret-fulfillment; /essex-depo; /hakkimizda; /iletisim; /ingiltere-depo; /ingiltere-depo-avantajlari; /ingiltere-depo-fiyatlari; /ingiltere-fulfillment; /londra-depo; /nakliye-dagitim; /palet-depolama; /privacy-policy; /shopify-ingiltere-depo; /siparis-toplama-paketleme; /sozlesme-kosullari; /turk-sirketleri-icin-ingiltere-depo; /turkiye-ingiltere-lojistik; /turkiyeden-ingiltereye-depolama; /turkiyeden-ingiltereye-satis; /uk-warehousing-fulfilment; ; /gumrukleme; /ellecleme; /shopify-fulfillment; /case-studies/tortilla-uk-distribution; /case-studies/uk-auto-parts-warehouse,https://www.londradepo.com/ingiltere-e-ticaret-lojistigi,200,https://www.londradepo.com/ingiltere-e-ticaret-lojistigi,46,; /ingiltere-depo-avantajlari; /hakkimizda; /iletisim; /ingiltere-depo; /londra-depo; /siparis-toplama-paketleme; /ingiltere-depo-fiyatlari; /turk-sirketleri-icin-ingiltere-depo; /turkiye-ingiltere-lojistik; /turkiyeden-ingiltereye-satis; /shopify-ingiltere-depo; /amazon-ingiltere-depo; /ingiltere-fulfillment; /palet-depolama; /amazon-prep-uk; /depolama; /gumrukleme; /ellecleme; /nakliye-dagitim; /e-ticaret-fulfillment; /shopify-fulfillment; /amazon-fulfillment; /turkiyeden-ingiltereye-depolama; /uk-warehousing-fulfilment; /essex-depo; /case-studies; /case-studies/cruyff-uk-fulfillment; /case-studies/pizza-box-distribution-uk; /case-studies/tortilla-uk-distribution; /case-studies/uk-auto-parts-warehouse; /case-studies/uk-walking-treadmill-distribution; /case-studies/arac-koltuk-kaplama-ingiltere-depo; /case-studies/tasinabilir-sarj-istasyonu-ingiltere-operasyonu; /blog; /blog/ingiltere-depo-rehberi; /blog/ingiltere-fulfillment-nedir; /blog/amazon-prep-uk-rehberi; /blog/ingiltere-ara-depo-nedir; /blog/ingiltere-depo-fiyatlari-2026; /blog/ingiltere-palet-depolama-maliyetleri; /blog/amazon-fba-vs-uk-fulfillment; /blog/turkiyeden-ingiltereye-ihracat-rehberi; /privacy-policy; /cookie-policy; /sozlesme-kosullari,"Mevcut içerik ve URL korunur; self canonical www, sitemap ve ilgili bağlantılar doğrulandı."
https://www.londradepo.com/ingiltere-fulfillment,307 → 200,https://londradepo.com/ingiltere-fulfillment,200,https://www.londradepo.com/ingiltere-fulfillment,"index, follow",,True,True,18,/amazon-prep-uk; /blog; /blog/amazon-fba-vs-uk-fulfillment; /blog/ingiltere-depo-fiyatlari-2026; /blog/ingiltere-fulfillment-nedir; /blog/turkiyeden-ingiltereye-ihracat-rehberi; /case-studies; /case-studies/arac-koltuk-kaplama-ingiltere-depo; /case-studies/cruyff-uk-fulfillment; /case-studies/pizza-box-distribution-uk; /case-studies/tasinabilir-sarj-istasyonu-ingiltere-operasyonu; /case-studies/uk-walking-treadmill-distribution; /essex-depo; /hakkimizda; /palet-depolama; /siparis-toplama-paketleme; /case-studies/tortilla-uk-distribution; /case-studies/uk-auto-parts-warehouse,https://www.londradepo.com/ingiltere-fulfillment,200,https://www.londradepo.com/ingiltere-fulfillment,18,/hakkimizda; /siparis-toplama-paketleme; /palet-depolama; /amazon-prep-uk; /essex-depo; /case-studies; /case-studies/cruyff-uk-fulfillment; /case-studies/pizza-box-distribution-uk; /case-studies/tortilla-uk-distribution; /case-studies/uk-auto-parts-warehouse; /case-studies/uk-walking-treadmill-distribution; /case-studies/arac-koltuk-kaplama-ingiltere-depo; /case-studies/tasinabilir-sarj-istasyonu-ingiltere-operasyonu; /blog; /blog/ingiltere-fulfillment-nedir; /blog/ingiltere-depo-fiyatlari-2026; /blog/amazon-fba-vs-uk-fulfillment; /blog/turkiyeden-ingiltereye-ihracat-rehberi,Hizmet/platform odağı korunur; sorgu ve dönüşüm verisi olmadan URL birleştirilmez.
https://www.londradepo.com/londra-depo,307 → 200,https://londradepo.com/londra-depo,200,https://www.londradepo.com/londra-depo,"index, follow",,True,True,46,/amazon-fulfillment; /amazon-ingiltere-depo; /amazon-prep-uk; /blog; /blog/amazon-fba-vs-uk-fulfillment; /blog/amazon-prep-uk-rehberi; /blog/ingiltere-ara-depo-nedir; /blog/ingiltere-depo-fiyatlari-2026; /blog/ingiltere-depo-rehberi; /blog/ingiltere-fulfillment-nedir; /blog/ingiltere-palet-depolama-maliyetleri; /blog/turkiyeden-ingiltereye-ihracat-rehberi; /case-studies; /case-studies/arac-koltuk-kaplama-ingiltere-depo; /case-studies/cruyff-uk-fulfillment; /case-studies/pizza-box-distribution-uk; /case-studies/tasinabilir-sarj-istasyonu-ingiltere-operasyonu; /case-studies/uk-walking-treadmill-distribution; /cookie-policy; /depolama; /e-ticaret-fulfillment; /essex-depo; /hakkimizda; /iletisim; /ingiltere-depo; /ingiltere-depo-avantajlari; /ingiltere-depo-fiyatlari; /ingiltere-e-ticaret-lojistigi; /ingiltere-fulfillment; /nakliye-dagitim; /palet-depolama; /privacy-policy; /shopify-ingiltere-depo; /siparis-toplama-paketleme; /sozlesme-kosullari; /turk-sirketleri-icin-ingiltere-depo; /turkiye-ingiltere-lojistik; /turkiyeden-ingiltereye-depolama; /turkiyeden-ingiltereye-satis; /uk-warehousing-fulfilment; ; /gumrukleme; /ellecleme; /shopify-fulfillment; /case-studies/tortilla-uk-distribution; /case-studies/uk-auto-parts-warehouse,https://www.londradepo.com/londra-depo,200,https://www.londradepo.com/londra-depo,46,; /ingiltere-depo-avantajlari; /hakkimizda; /iletisim; /ingiltere-depo; /ingiltere-e-ticaret-lojistigi; /siparis-toplama-paketleme; /ingiltere-depo-fiyatlari; /turk-sirketleri-icin-ingiltere-depo; /turkiye-ingiltere-lojistik; /turkiyeden-ingiltereye-satis; /shopify-ingiltere-depo; /amazon-ingiltere-depo; /ingiltere-fulfillment; /palet-depolama; /amazon-prep-uk; /depolama; /gumrukleme; /ellecleme; /nakliye-dagitim; /e-ticaret-fulfillment; /shopify-fulfillment; /amazon-fulfillment; /turkiyeden-ingiltereye-depolama; /uk-warehousing-fulfilment; /essex-depo; /case-studies; /case-studies/cruyff-uk-fulfillment; /case-studies/pizza-box-distribution-uk; /case-studies/tortilla-uk-distribution; /case-studies/uk-auto-parts-warehouse; /case-studies/uk-walking-treadmill-distribution; /case-studies/arac-koltuk-kaplama-ingiltere-depo; /case-studies/tasinabilir-sarj-istasyonu-ingiltere-operasyonu; /blog; /blog/ingiltere-depo-rehberi; /blog/ingiltere-fulfillment-nedir; /blog/amazon-prep-uk-rehberi; /blog/ingiltere-ara-depo-nedir; /blog/ingiltere-depo-fiyatlari-2026; /blog/ingiltere-palet-depolama-maliyetleri; /blog/amazon-fba-vs-uk-fulfillment; /blog/turkiyeden-ingiltereye-ihracat-rehberi; /privacy-policy; /cookie-policy; /sozlesme-kosullari,Ülke/lokasyon niyeti nedeniyle ayrı korunur; Search Console sorgu verisi olmadan birleştirme yapılmaz.
https://www.londradepo.com/nakliye-dagitim,307 → 200,https://londradepo.com/nakliye-dagitim,200,https://www.londradepo.com/nakliye-dagitim,"index, follow",,True,True,1,,https://www.londradepo.com/nakliye-dagitim,200,https://www.londradepo.com/nakliye-dagitim,1,,"Mevcut içerik ve URL korunur; self canonical www, sitemap ve ilgili bağlantılar doğrulandı."
https://www.londradepo.com/palet-depolama,307 → 200,https://londradepo.com/palet-depolama,200,https://www.londradepo.com/palet-depolama,"index, follow",,True,True,21,/amazon-prep-uk; /blog; /blog/amazon-fba-vs-uk-fulfillment; /blog/ingiltere-ara-depo-nedir; /blog/ingiltere-depo-fiyatlari-2026; /blog/ingiltere-palet-depolama-maliyetleri; /blog/turkiyeden-ingiltereye-ihracat-rehberi; /case-studies; /case-studies/arac-koltuk-kaplama-ingiltere-depo; /case-studies/cruyff-uk-fulfillment; /case-studies/pizza-box-distribution-uk; /case-studies/tasinabilir-sarj-istasyonu-ingiltere-operasyonu; /case-studies/uk-walking-treadmill-distribution; /essex-depo; /hakkimizda; /ingiltere-depo; /ingiltere-depo-fiyatlari; /ingiltere-fulfillment; /londra-depo; /case-studies/tortilla-uk-distribution; /case-studies/uk-auto-parts-warehouse,https://www.londradepo.com/palet-depolama,200,https://www.londradepo.com/palet-depolama,21,/hakkimizda; /ingiltere-depo; /londra-depo; /ingiltere-depo-fiyatlari; /ingiltere-fulfillment; /amazon-prep-uk; /essex-depo; /case-studies; /case-studies/cruyff-uk-fulfillment; /case-studies/pizza-box-distribution-uk; /case-studies/tortilla-uk-distribution; /case-studies/uk-auto-parts-warehouse; /case-studies/uk-walking-treadmill-distribution; /case-studies/arac-koltuk-kaplama-ingiltere-depo; /case-studies/tasinabilir-sarj-istasyonu-ingiltere-operasyonu; /blog; /blog/ingiltere-ara-depo-nedir; /blog/ingiltere-depo-fiyatlari-2026; /blog/ingiltere-palet-depolama-maliyetleri; /blog/amazon-fba-vs-uk-fulfillment; /blog/turkiyeden-ingiltereye-ihracat-rehberi,"Mevcut içerik ve URL korunur; self canonical www, sitemap ve ilgili bağlantılar doğrulandı."
https://www.londradepo.com/privacy-policy,307 → 200,https://londradepo.com/privacy-policy,200,https://www.londradepo.com/privacy-policy,"index, follow",,True,True,46,/amazon-fulfillment; /amazon-ingiltere-depo; /amazon-prep-uk; /blog; /blog/amazon-fba-vs-uk-fulfillment; /blog/amazon-prep-uk-rehberi; /blog/ingiltere-ara-depo-nedir; /blog/ingiltere-depo-fiyatlari-2026; /blog/ingiltere-depo-rehberi; /blog/ingiltere-fulfillment-nedir; /blog/ingiltere-palet-depolama-maliyetleri; /blog/turkiyeden-ingiltereye-ihracat-rehberi; /case-studies; /case-studies/arac-koltuk-kaplama-ingiltere-depo; /case-studies/cruyff-uk-fulfillment; /case-studies/pizza-box-distribution-uk; /case-studies/tasinabilir-sarj-istasyonu-ingiltere-operasyonu; /case-studies/uk-walking-treadmill-distribution; /cookie-policy; /depolama; /e-ticaret-fulfillment; /essex-depo; /hakkimizda; /iletisim; /ingiltere-depo; /ingiltere-depo-avantajlari; /ingiltere-depo-fiyatlari; /ingiltere-e-ticaret-lojistigi; /ingiltere-fulfillment; /londra-depo; /nakliye-dagitim; /palet-depolama; /shopify-ingiltere-depo; /siparis-toplama-paketleme; /sozlesme-kosullari; /turk-sirketleri-icin-ingiltere-depo; /turkiye-ingiltere-lojistik; /turkiyeden-ingiltereye-depolama; /turkiyeden-ingiltereye-satis; /uk-warehousing-fulfilment; ; /gumrukleme; /ellecleme; /shopify-fulfillment; /case-studies/tortilla-uk-distribution; /case-studies/uk-auto-parts-warehouse,https://www.londradepo.com/privacy-policy,200,https://www.londradepo.com/privacy-policy,46,; /ingiltere-depo-avantajlari; /hakkimizda; /iletisim; /ingiltere-depo; /londra-depo; /ingiltere-e-ticaret-lojistigi; /siparis-toplama-paketleme; /ingiltere-depo-fiyatlari; /turk-sirketleri-icin-ingiltere-depo; /turkiye-ingiltere-lojistik; /turkiyeden-ingiltereye-satis; /shopify-ingiltere-depo; /amazon-ingiltere-depo; /ingiltere-fulfillment; /palet-depolama; /amazon-prep-uk; /depolama; /gumrukleme; /ellecleme; /nakliye-dagitim; /e-ticaret-fulfillment; /shopify-fulfillment; /amazon-fulfillment; /turkiyeden-ingiltereye-depolama; /uk-warehousing-fulfilment; /essex-depo; /case-studies; /case-studies/cruyff-uk-fulfillment; /case-studies/pizza-box-distribution-uk; /case-studies/tortilla-uk-distribution; /case-studies/uk-auto-parts-warehouse; /case-studies/uk-walking-treadmill-distribution; /case-studies/arac-koltuk-kaplama-ingiltere-depo; /case-studies/tasinabilir-sarj-istasyonu-ingiltere-operasyonu; /blog; /blog/ingiltere-depo-rehberi; /blog/ingiltere-fulfillment-nedir; /blog/amazon-prep-uk-rehberi; /blog/ingiltere-ara-depo-nedir; /blog/ingiltere-depo-fiyatlari-2026; /blog/ingiltere-palet-depolama-maliyetleri; /blog/amazon-fba-vs-uk-fulfillment; /blog/turkiyeden-ingiltereye-ihracat-rehberi; /cookie-policy; /sozlesme-kosullari,"Yasal bilgilendirme; index/follow ve düşük sitemap önceliği korunur, dizin isteği önceliği düşük."
https://www.londradepo.com/shopify-ingiltere-depo,307 → 200,https://londradepo.com/shopify-ingiltere-depo,200,https://www.londradepo.com/shopify-ingiltere-depo,"index, follow",,True,True,2,/ingiltere-e-ticaret-lojistigi; /turkiyeden-ingiltereye-satis,https://www.londradepo.com/shopify-ingiltere-depo,200,https://www.londradepo.com/shopify-ingiltere-depo,2,/ingiltere-e-ticaret-lojistigi; /turkiyeden-ingiltereye-satis,"Mevcut içerik ve URL korunur; self canonical www, sitemap ve ilgili bağlantılar doğrulandı."
https://www.londradepo.com/siparis-toplama-paketleme,307 → 200,https://londradepo.com/siparis-toplama-paketleme,200,https://www.londradepo.com/siparis-toplama-paketleme,"index, follow",,True,True,46,/amazon-fulfillment; /amazon-ingiltere-depo; /amazon-prep-uk; /blog; /blog/amazon-fba-vs-uk-fulfillment; /blog/amazon-prep-uk-rehberi; /blog/ingiltere-ara-depo-nedir; /blog/ingiltere-depo-fiyatlari-2026; /blog/ingiltere-depo-rehberi; /blog/ingiltere-fulfillment-nedir; /blog/ingiltere-palet-depolama-maliyetleri; /blog/turkiyeden-ingiltereye-ihracat-rehberi; /case-studies; /case-studies/arac-koltuk-kaplama-ingiltere-depo; /case-studies/cruyff-uk-fulfillment; /case-studies/pizza-box-distribution-uk; /case-studies/tasinabilir-sarj-istasyonu-ingiltere-operasyonu; /case-studies/uk-walking-treadmill-distribution; /cookie-policy; /depolama; /e-ticaret-fulfillment; /essex-depo; /hakkimizda; /iletisim; /ingiltere-depo; /ingiltere-depo-avantajlari; /ingiltere-depo-fiyatlari; /ingiltere-e-ticaret-lojistigi; /ingiltere-fulfillment; /londra-depo; /nakliye-dagitim; /palet-depolama; /privacy-policy; /shopify-ingiltere-depo; /sozlesme-kosullari; /turk-sirketleri-icin-ingiltere-depo; /turkiye-ingiltere-lojistik; /turkiyeden-ingiltereye-depolama; /turkiyeden-ingiltereye-satis; /uk-warehousing-fulfilment; ; /gumrukleme; /ellecleme; /shopify-fulfillment; /case-studies/tortilla-uk-distribution; /case-studies/uk-auto-parts-warehouse,https://www.londradepo.com/siparis-toplama-paketleme,200,https://www.londradepo.com/siparis-toplama-paketleme,46,; /ingiltere-depo-avantajlari; /hakkimizda; /iletisim; /ingiltere-depo; /londra-depo; /ingiltere-e-ticaret-lojistigi; /ingiltere-depo-fiyatlari; /turk-sirketleri-icin-ingiltere-depo; /turkiye-ingiltere-lojistik; /turkiyeden-ingiltereye-satis; /shopify-ingiltere-depo; /amazon-ingiltere-depo; /ingiltere-fulfillment; /palet-depolama; /amazon-prep-uk; /depolama; /gumrukleme; /ellecleme; /nakliye-dagitim; /e-ticaret-fulfillment; /shopify-fulfillment; /amazon-fulfillment; /turkiyeden-ingiltereye-depolama; /uk-warehousing-fulfilment; /essex-depo; /case-studies; /case-studies/cruyff-uk-fulfillment; /case-studies/pizza-box-distribution-uk; /case-studies/tortilla-uk-distribution; /case-studies/uk-auto-parts-warehouse; /case-studies/uk-walking-treadmill-distribution; /case-studies/arac-koltuk-kaplama-ingiltere-depo; /case-studies/tasinabilir-sarj-istasyonu-ingiltere-operasyonu; /blog; /blog/ingiltere-depo-rehberi; /blog/ingiltere-fulfillment-nedir; /blog/amazon-prep-uk-rehberi; /blog/ingiltere-ara-depo-nedir; /blog/ingiltere-depo-fiyatlari-2026; /blog/ingiltere-palet-depolama-maliyetleri; /blog/amazon-fba-vs-uk-fulfillment; /blog/turkiyeden-ingiltereye-ihracat-rehberi; /privacy-policy; /cookie-policy; /sozlesme-kosullari,"Mevcut içerik ve URL korunur; self canonical www, sitemap ve ilgili bağlantılar doğrulandı."
https://www.londradepo.com/sozlesme-kosullari,307 → 200,https://londradepo.com/sozlesme-kosullari,200,https://www.londradepo.com/sozlesme-kosullari,"index, follow",,True,True,46,/amazon-fulfillment; /amazon-ingiltere-depo; /amazon-prep-uk; /blog; /blog/amazon-fba-vs-uk-fulfillment; /blog/amazon-prep-uk-rehberi; /blog/ingiltere-ara-depo-nedir; /blog/ingiltere-depo-fiyatlari-2026; /blog/ingiltere-depo-rehberi; /blog/ingiltere-fulfillment-nedir; /blog/ingiltere-palet-depolama-maliyetleri; /blog/turkiyeden-ingiltereye-ihracat-rehberi; /case-studies; /case-studies/arac-koltuk-kaplama-ingiltere-depo; /case-studies/cruyff-uk-fulfillment; /case-studies/pizza-box-distribution-uk; /case-studies/tasinabilir-sarj-istasyonu-ingiltere-operasyonu; /case-studies/uk-walking-treadmill-distribution; /cookie-policy; /depolama; /e-ticaret-fulfillment; /essex-depo; /hakkimizda; /iletisim; /ingiltere-depo; /ingiltere-depo-avantajlari; /ingiltere-depo-fiyatlari; /ingiltere-e-ticaret-lojistigi; /ingiltere-fulfillment; /londra-depo; /nakliye-dagitim; /palet-depolama; /privacy-policy; /shopify-ingiltere-depo; /siparis-toplama-paketleme; /turk-sirketleri-icin-ingiltere-depo; /turkiye-ingiltere-lojistik; /turkiyeden-ingiltereye-depolama; /turkiyeden-ingiltereye-satis; /uk-warehousing-fulfilment; ; /gumrukleme; /ellecleme; /shopify-fulfillment; /case-studies/tortilla-uk-distribution; /case-studies/uk-auto-parts-warehouse,https://www.londradepo.com/sozlesme-kosullari,200,https://www.londradepo.com/sozlesme-kosullari,46,; /ingiltere-depo-avantajlari; /hakkimizda; /iletisim; /ingiltere-depo; /londra-depo; /ingiltere-e-ticaret-lojistigi; /siparis-toplama-paketleme; /ingiltere-depo-fiyatlari; /turk-sirketleri-icin-ingiltere-depo; /turkiye-ingiltere-lojistik; /turkiyeden-ingiltereye-satis; /shopify-ingiltere-depo; /amazon-ingiltere-depo; /ingiltere-fulfillment; /palet-depolama; /amazon-prep-uk; /depolama; /gumrukleme; /ellecleme; /nakliye-dagitim; /e-ticaret-fulfillment; /shopify-fulfillment; /amazon-fulfillment; /turkiyeden-ingiltereye-depolama; /uk-warehousing-fulfilment; /essex-depo; /case-studies; /case-studies/cruyff-uk-fulfillment; /case-studies/pizza-box-distribution-uk; /case-studies/tortilla-uk-distribution; /case-studies/uk-auto-parts-warehouse; /case-studies/uk-walking-treadmill-distribution; /case-studies/arac-koltuk-kaplama-ingiltere-depo; /case-studies/tasinabilir-sarj-istasyonu-ingiltere-operasyonu; /blog; /blog/ingiltere-depo-rehberi; /blog/ingiltere-fulfillment-nedir; /blog/amazon-prep-uk-rehberi; /blog/ingiltere-ara-depo-nedir; /blog/ingiltere-depo-fiyatlari-2026; /blog/ingiltere-palet-depolama-maliyetleri; /blog/amazon-fba-vs-uk-fulfillment; /blog/turkiyeden-ingiltereye-ihracat-rehberi; /privacy-policy; /cookie-policy,"Yasal bilgilendirme; index/follow ve düşük sitemap önceliği korunur, dizin isteği önceliği düşük."
https://www.londradepo.com/turk-sirketleri-icin-ingiltere-depo,307 → 200,https://londradepo.com/turk-sirketleri-icin-ingiltere-depo,200,https://www.londradepo.com/turk-sirketleri-icin-ingiltere-depo,"index, follow",,True,True,2,/turkiye-ingiltere-lojistik; /turkiyeden-ingiltereye-satis,https://www.londradepo.com/turk-sirketleri-icin-ingiltere-depo,200,https://www.londradepo.com/turk-sirketleri-icin-ingiltere-depo,2,/turkiye-ingiltere-lojistik; /turkiyeden-ingiltereye-satis,"Mevcut içerik ve URL korunur; self canonical www, sitemap ve ilgili bağlantılar doğrulandı."
https://www.londradepo.com/turkiye-ingiltere-lojistik,307 → 200,https://londradepo.com/turkiye-ingiltere-lojistik,200,https://www.londradepo.com/turkiye-ingiltere-lojistik,"index, follow",,True,True,0,,https://www.londradepo.com/turkiye-ingiltere-lojistik,200,https://www.londradepo.com/turkiye-ingiltere-lojistik,1,/turkiyeden-ingiltereye-satis,Korunur; Türkiye’den İngiltere’ye satış sayfasından ilgili bağlantı eklenir.
https://www.londradepo.com/turkiyeden-ingiltereye-depolama,307 → 200,https://londradepo.com/turkiyeden-ingiltereye-depolama,200,https://www.londradepo.com/turkiyeden-ingiltereye-depolama,"index, follow",,True,True,3,/turk-sirketleri-icin-ingiltere-depo; /turkiye-ingiltere-lojistik; /turkiyeden-ingiltereye-satis,https://www.londradepo.com/turkiyeden-ingiltereye-depolama,200,https://www.londradepo.com/turkiyeden-ingiltereye-depolama,3,/turk-sirketleri-icin-ingiltere-depo; /turkiye-ingiltere-lojistik; /turkiyeden-ingiltereye-satis,"Mevcut içerik ve URL korunur; self canonical www, sitemap ve ilgili bağlantılar doğrulandı."
https://www.londradepo.com/turkiyeden-ingiltereye-satis,307 → 200,https://londradepo.com/turkiyeden-ingiltereye-satis,200,https://www.londradepo.com/turkiyeden-ingiltereye-satis,"index, follow",,True,True,46,/amazon-fulfillment; /amazon-ingiltere-depo; /amazon-prep-uk; /blog; /blog/amazon-fba-vs-uk-fulfillment; /blog/amazon-prep-uk-rehberi; /blog/ingiltere-ara-depo-nedir; /blog/ingiltere-depo-fiyatlari-2026; /blog/ingiltere-depo-rehberi; /blog/ingiltere-fulfillment-nedir; /blog/ingiltere-palet-depolama-maliyetleri; /blog/turkiyeden-ingiltereye-ihracat-rehberi; /case-studies; /case-studies/arac-koltuk-kaplama-ingiltere-depo; /case-studies/cruyff-uk-fulfillment; /case-studies/pizza-box-distribution-uk; /case-studies/tasinabilir-sarj-istasyonu-ingiltere-operasyonu; /case-studies/uk-walking-treadmill-distribution; /cookie-policy; /depolama; /e-ticaret-fulfillment; /essex-depo; /hakkimizda; /iletisim; /ingiltere-depo; /ingiltere-depo-avantajlari; /ingiltere-depo-fiyatlari; /ingiltere-e-ticaret-lojistigi; /ingiltere-fulfillment; /londra-depo; /nakliye-dagitim; /palet-depolama; /privacy-policy; /shopify-ingiltere-depo; /siparis-toplama-paketleme; /sozlesme-kosullari; /turk-sirketleri-icin-ingiltere-depo; /turkiye-ingiltere-lojistik; /turkiyeden-ingiltereye-depolama; /uk-warehousing-fulfilment; ; /gumrukleme; /ellecleme; /shopify-fulfillment; /case-studies/tortilla-uk-distribution; /case-studies/uk-auto-parts-warehouse,https://www.londradepo.com/turkiyeden-ingiltereye-satis,200,https://www.londradepo.com/turkiyeden-ingiltereye-satis,46,; /ingiltere-depo-avantajlari; /hakkimizda; /iletisim; /ingiltere-depo; /londra-depo; /ingiltere-e-ticaret-lojistigi; /siparis-toplama-paketleme; /ingiltere-depo-fiyatlari; /turk-sirketleri-icin-ingiltere-depo; /turkiye-ingiltere-lojistik; /shopify-ingiltere-depo; /amazon-ingiltere-depo; /ingiltere-fulfillment; /palet-depolama; /amazon-prep-uk; /depolama; /gumrukleme; /ellecleme; /nakliye-dagitim; /e-ticaret-fulfillment; /shopify-fulfillment; /amazon-fulfillment; /turkiyeden-ingiltereye-depolama; /uk-warehousing-fulfilment; /essex-depo; /case-studies; /case-studies/cruyff-uk-fulfillment; /case-studies/pizza-box-distribution-uk; /case-studies/tortilla-uk-distribution; /case-studies/uk-auto-parts-warehouse; /case-studies/uk-walking-treadmill-distribution; /case-studies/arac-koltuk-kaplama-ingiltere-depo; /case-studies/tasinabilir-sarj-istasyonu-ingiltere-operasyonu; /blog; /blog/ingiltere-depo-rehberi; /blog/ingiltere-fulfillment-nedir; /blog/amazon-prep-uk-rehberi; /blog/ingiltere-ara-depo-nedir; /blog/ingiltere-depo-fiyatlari-2026; /blog/ingiltere-palet-depolama-maliyetleri; /blog/amazon-fba-vs-uk-fulfillment; /blog/turkiyeden-ingiltereye-ihracat-rehberi; /privacy-policy; /cookie-policy; /sozlesme-kosullari,"Mevcut içerik ve URL korunur; self canonical www, sitemap ve ilgili bağlantılar doğrulandı."
https://www.londradepo.com/uk-warehousing-fulfilment,307 → 200,https://londradepo.com/uk-warehousing-fulfilment,200,https://www.londradepo.com/uk-warehousing-fulfilment,"index, follow",,True,True,0,,https://www.londradepo.com/uk-warehousing-fulfilment,200,https://www.londradepo.com/uk-warehousing-fulfilment,46,; /ingiltere-depo-avantajlari; /hakkimizda; /iletisim; /ingiltere-depo; /londra-depo; /ingiltere-e-ticaret-lojistigi; /siparis-toplama-paketleme; /ingiltere-depo-fiyatlari; /turk-sirketleri-icin-ingiltere-depo; /turkiye-ingiltere-lojistik; /turkiyeden-ingiltereye-satis; /shopify-ingiltere-depo; /amazon-ingiltere-depo; /ingiltere-fulfillment; /palet-depolama; /amazon-prep-uk; /depolama; /gumrukleme; /ellecleme; /nakliye-dagitim; /e-ticaret-fulfillment; /shopify-fulfillment; /amazon-fulfillment; /turkiyeden-ingiltereye-depolama; /essex-depo; /case-studies; /case-studies/cruyff-uk-fulfillment; /case-studies/pizza-box-distribution-uk; /case-studies/tortilla-uk-distribution; /case-studies/uk-auto-parts-warehouse; /case-studies/uk-walking-treadmill-distribution; /case-studies/arac-koltuk-kaplama-ingiltere-depo; /case-studies/tasinabilir-sarj-istasyonu-ingiltere-operasyonu; /blog; /blog/ingiltere-depo-rehberi; /blog/ingiltere-fulfillment-nedir; /blog/amazon-prep-uk-rehberi; /blog/ingiltere-ara-depo-nedir; /blog/ingiltere-depo-fiyatlari-2026; /blog/ingiltere-palet-depolama-maliyetleri; /blog/amazon-fba-vs-uk-fulfillment; /blog/turkiyeden-ingiltereye-ihracat-rehberi; /privacy-policy; /cookie-policy; /sozlesme-kosullari,İngilizce hizmet içeriği korunur; footer’a dil etiketli bağlantı eklenir.
